{
  "DT": {
    "accuracy": 99.6280684354079,
    "precision": 99.53512396694215,
    "recall": 99.68960165545784,
    "f1_score": 99.61230292065133,
    "execution_time": 0.01623249053955078
  },
  "SVM": {
    "accuracy": 82.02330771138111,
    "precision": 100.0,
    "recall": 62.49353336782204,
    "f1_score": 76.91817892390958,
    "execution_time": 1.1891827583312988
  },
  "EFDT": {
    "accuracy": 99.52888668485,
    "precision": 99.53416149068323,
    "recall": 99.48266942576306,
    "f1_score": 99.50840879689521,
    "execution_time": 0.008726119995117188
  },
  "Hybrid_DT_SVM": {
    "accuracy": 82.02330771138111,
    "precision": 100.0,
    "recall": 62.49353336782204,
    "f1_score": 76.91817892390958,
    "execution_time": 3.467118501663208
  },
  "classification": {
    "accuracy": 59.389549922400406,
    "precision": 56.252371133998395,
    "recall": 59.389549922400406,
    "f1_score": 56.19577984879878,
    "execution_time": 0.00830388069152832
  }
}