{
  "DT": {
    "accuracy": 99.01960784313727,
    "precision": 99.47089947089947,
    "recall": 98.42931937172776,
    "f1_score": 98.94736842105263,
    "execution_time": 0.0025641918182373047
  },
  "SVM": {
    "accuracy": 80.63725490196079,
    "precision": 95.16129032258065,
    "recall": 61.78010471204188,
    "f1_score": 74.92063492063492,
    "execution_time": 0.01921224594116211
  },
  "EFDT": {
    "accuracy": 98.77450980392157,
    "precision": 99.46808510638297,
    "recall": 97.90575916230367,
    "f1_score": 98.68073878627969,
    "execution_time": 0.001798391342163086
  },
  "Hybrid_DT_SVM": {
    "accuracy": 82.1078431372549,
    "precision": 100.0,
    "recall": 61.78010471204188,
    "f1_score": 76.37540453074433,
    "execution_time": 0.04078531265258789
  },
  "classification": {
    "accuracy": 56.02094240837696,
    "precision": 56.038323759459054,
    "recall": 56.02094240837696,
    "f1_score": 55.367902792075974,
    "execution_time": 0.0017189979553222656
  }
}