{
  "DT": {
    "accuracy": 99.39896681899464,
    "precision": 99.44889258604555,
    "recall": 99.29401993355482,
    "f1_score": 99.37139591667099,
    "execution_time": 0.05129098892211914
  },
  "SVM": {
    "accuracy": 80.21557719054242,
    "precision": 100.0,
    "recall": 58.64825581395349,
    "f1_score": 73.9349519010536,
    "execution_time": 20.082861185073853
  },
  "EFDT": {
    "accuracy": 99.68209815219551,
    "precision": 99.43170076462079,
    "recall": 99.90656146179401,
    "f1_score": 99.66856551009839,
    "execution_time": 0.03966522216796875
  },
  "Hybrid_DT_SVM": {
    "accuracy": 80.21557719054242,
    "precision": 100.0,
    "recall": 58.64825581395349,
    "f1_score": 73.9349519010536,
    "execution_time": 76.5346462726593
  },
  "classification": {
    "accuracy": 59.65531561461794,
    "precision": 57.18040759901317,
    "recall": 59.65531561461794,
    "f1_score": 56.831327336757056,
    "execution_time": 0.05542731285095215
  }
}