{
  "DT": {
    "accuracy": 99.51597289448209,
    "precision": 99.51758481170246,
    "recall": 99.47114636801992,
    "f1_score": 99.49436017113965,
    "execution_time": 0.09188270568847656
  },
  "SVM": {
    "accuracy": 80.97897584828853,
    "precision": 100.0,
    "recall": 60.268574687613416,
    "f1_score": 75.20947235611918,
    "execution_time": 94.52163100242615
  },
  "EFDT": {
    "accuracy": 99.73688782982103,
    "precision": 99.50446497702988,
    "recall": 99.94815160470783,
    "f1_score": 99.72581479565441,
    "execution_time": 0.07742881774902344
  },
  "Hybrid_DT_SVM": {
    "accuracy": 80.97897584828853,
    "precision": 100.0,
    "recall": 60.268574687613416,
    "f1_score": 75.20947235611918,
    "execution_time": 438.9335889816284
  },
  "classification": {
    "accuracy": 59.89008140198061,
    "precision": 57.63854735091368,
    "recall": 59.89008140198061,
    "f1_score": 57.46185576296683,
    "execution_time": 0.10321760177612305
  }
}