{
  "DT": {
    "accuracy": 99.56591839265782,
    "precision": 99.58549222797927,
    "recall": 99.50815428423505,
    "f1_score": 99.54680823514178,
    "execution_time": 0.019595623016357422
  },
  "SVM": {
    "accuracy": 80.88800694530572,
    "precision": 100.0,
    "recall": 60.10872378980068,
    "f1_score": 75.08488278092157,
    "execution_time": 3.5055816173553467
  },
  "EFDT": {
    "accuracy": 99.65273471412625,
    "precision": 99.58624256529609,
    "recall": 99.68936060056951,
    "f1_score": 99.63777490297542,
    "execution_time": 0.016159534454345703
  },
  "Hybrid_DT_SVM": {
    "accuracy": 80.86320228202902,
    "precision": 100.0,
    "recall": 60.05695055656226,
    "f1_score": 75.04447679120169,
    "execution_time": 12.430395364761353
  },
  "classification": {
    "accuracy": 59.90163085684701,
    "precision": 61.21333205715981,
    "recall": 59.90163085684701,
    "f1_score": 59.02167049139852,
    "execution_time": 0.017092227935791016
  }
}